{
  "DolarAPI": 1,
  "BCR Rosario": 1,
  "Mercado Agroganadero": 0.39999999999999997,
  "APEA.org.ar": 1,
  "Infocampo / Tradición": 0.39999999999999997
}